{
  "cell_centers": [
    -0.01171875,
    -0.00390625,
    0.00390625,
    0.01171875,
    0.01953125,
    0.02734375,
    0.03515625,
    0.04296875,
    0.05078125,
    0.05859375,
    0.06640625,
    0.07421875,
    0.08203125,
    0.08984375,
    0.09765625,
    0.10546875,
    0.11328125,
    0.12109375,
    0.12890625,
    0.13671875,
    0.14453125,
    0.15234375,
    0.16015625,
    0.16796875,
    0.17578125,
    0.18359375,
    0.19140625,
    0.19921875,
    0.20703125,
    0.21484375,
    0.22265625,
    0.23046875,
    0.23828125,
    0.24609375,
    0.25390625,
    0.26171875,
    0.26953125,
    0.27734375,
    0.28515625,
    0.29296875,
    0.30078125,
    0.30859375,
    0.31640625,
    0.32421875,
    0.33203125,
    0.33984375,
    0.34765625,
    0.35546875,
    0.36328125,
    0.37109375,
    0.37890625,
    0.38671875,
    0.39453125,
    0.40234375,
    0.41015625,
    0.41796875,
    0.42578125,
    0.43359375,
    0.44140625,
    0.44921875,
    0.45703125,
    0.46484375,
    0.47265625,
    0.48046875,
    0.48828125,
    0.49609375,
    0.50390625,
    0.51171875,
    0.51953125,
    0.52734375,
    0.53515625,
    0.54296875,
    0.55078125,
    0.55859375,
    0.56640625,
    0.57421875,
    0.58203125,
    0.58984375,
    0.59765625,
    0.60546875,
    0.61328125,
    0.62109375,
    0.62890625,
    0.63671875,
    0.64453125,
    0.65234375,
    0.66015625,
    0.66796875,
    0.67578125,
    0.68359375,
    0.69140625,
    0.69921875,
    0.70703125,
    0.71484375,
    0.72265625,
    0.73046875,
    0.73828125,
    0.74609375,
    0.75390625,
    0.76171875,
    0.76953125,
    0.77734375,
    0.78515625,
    0.79296875,
    0.80078125,
    0.80859375,
    0.81640625,
    0.82421875,
    0.83203125,
    0.83984375,
    0.84765625,
    0.85546875,
    0.86328125,
    0.87109375,
    0.87890625,
    0.88671875,
    0.89453125,
    0.90234375,
    0.91015625,
    0.91796875,
    0.92578125,
    0.93359375,
    0.94140625,
    0.94921875,
    0.95703125,
    0.96484375,
    0.97265625,
    0.98046875,
    0.98828125,
    0.99609375,
    1.00390625,
    1.01171875
  ],
  "density": [
    1.0,
    1.0,
    1.0,
    1.0,
    1.0,
    1.0,
    1.0,
    1.0,
    1.0,
    1.0,
    1.0,
    1.0,
    1.0,
    1.0,
    0.9999999999999998,
    0.9999999999999976,
    0.9999999999999838,
    0.9999999999999016,
    0.9999999999994383,
    0.9999999999968389,
    0.9999999999827953,
    0.9999999999092386,
    0.9999999995371341,
    0.9999999977201351,
    0.9999999891746879,
    0.9999999505402826,
    0.9999997830421629,
    0.999999088617297,
    0.99999634477356,
    0.9999860545729007,
    0.9999496134807051,
    0.9998285507820892,
    0.9994544684182606,
    0.9983913115814376,
    0.9956518355664782,
    0.9893598571614797,
    0.9766793812063645,
    0.9541620628340488,
    0.9221281354370183,
    0.8951394323581511,
    0.8713272488233672,
    0.8493721875363556,
    0.8269653114046854,
    0.8053545728352589,
    0.784349009045388,
    0.7633880026112969,
    0.7428353589605953,
    0.7225140439235992,
    0.7033455135391029,
    0.6833644020353207,
    0.6640950562809533,
    0.6457701537187281,
    0.6270622290552066,
    0.6086026705326681,
    0.5907487635171189,
    0.5733322082724321,
    0.555939000072865,
    0.5391983753567866,
    0.5224744577860844,
    0.5066019083600416,
    0.4907035378900873,
    0.4756322272174695,
    0.4601119192695555,
    0.4459426695770524,
    0.43094065985127916,
    0.4187244868984552,
    0.3957118154706728,
    0.3732064404818672,
    0.3528646668557292,
    0.37029999355315546,
    0.42542677073859553,
    0.42204647252843386,
    0.43004434888163423,
    0.42160735060466786,
    0.42880176799374636,
    0.4233630865457773,
    0.427355879458725,
    0.4251577414895942,
    0.4254073968534524,
    0.42676937485904987,
    0.4232482085547515,
    0.42658379695611515,
    0.42156427460497825,
    0.4245194467178457,
    0.4190337032372157,
    0.4194839854052572,
    0.41157636458664437,
    0.40263064170123264,
    0.3851215909008844,
    0.36403772570817694,
    0.335587430351476,
    0.3066151041449346,
    0.28551003548438086,
    0.2744116465122456,
    0.2686480906892016,
    0.2650068758910792,
    0.2662087676646394,
    0.2637527984839081,
    0.2661065515156979,
    0.26374087099567006,
    0.2662109446157268,
    0.2637942216036351,
    0.26637102058574125,
    0.26360869594434305,
    0.2662158784481122,
    0.26333624732774374,
    0.2659648971835936,
    0.2624726824369786,
    0.2624918829870595,
    0.2535522232582037,
    0.2339262654067982,
    0.18398960222430355,
    0.13924747965730977,
    0.12748360865328337,
    0.12539046473751445,
    0.12506013507300456,
    0.12500923079941056,
    0.12500141548269572,
    0.1250002168870858,
    0.12500003320592515,
    0.1250000050796597,
    0.12500000077639278,
    0.12500000011856238,
    0.12500000001808934,
    0.1250000000027574,
    0.12500000000041983,
    0.12500000000006384,
    0.12500000000000971,
    0.12500000000000144,
    0.1250000000000001,
    0.1250000000000001,
    0.1250000000000001
  ],